{
"lengthUnit": "mil",
"components": {
	"fields": ["COMPONENT_NO", "COMPONENT_NAME", "LAYER", "X_COORDINATE", "Y_COORDINATE", "ANGLE"],
	"rows": [
		[1, "C1", "B", 460, -185, 0],
		[2, "H1", "B", -331.89, 208.38, 180],
		[3, "H2", "B", 331.89, 208.39, 0],
		[4, "R1", "B", -460, -185, 0]
	]
},
"pins": {
	"fields": ["PIN_NO", "PIN_NAME", "PIN_X", "PIN_Y", "LAYER", "PIN_TYPE", "NET_NAME", "NET_TYPE", "PAD_SHAPE", "PAD_SIZEX", "PAD_SIZEY", "HOLE_SIZE", "PAD_ANGLE"],
	"rows": [
		[1, "C1_1", 432.44, -185, "B", "SMD", "$1N229", "", "R", 31.5, 35.43, 0, 0],
		[2, "C1_2", 487.56, -185, "B", "SMD", "$1N229", "", "R", 31.5, 35.43, 0, 0],
		[3, "H1_1", -281.89, 208.38, "T", "DIP", "$1N289", "", "C", 70.87, 70.87, 34, 180],
		[4, "H1_1", -281.89, 208.38, "B", "DIP", "$1N289", "", "C", 70.87, 70.87, 34, 180],
		[5, "H1_2", -381.89, 208.38, "T", "DIP", "$1N293", "", "C", 70.87, 70.87, 34, 180],
		[6, "H1_2", -381.89, 208.38, "B", "DIP", "$1N293", "", "C", 70.87, 70.87, 34, 180],
		[7, "H2_1", 281.89, 208.39, "T", "DIP", "$1N229", "", "C", 70.87, 70.87, 34, 0],
		[8, "H2_1", 281.89, 208.39, "B", "DIP", "$1N229", "", "C", 70.87, 70.87, 34, 0],
		[9, "H2_2", 381.89, 208.39, "T", "DIP", "$1N229", "", "C", 70.87, 70.87, 34, 0],
		[10, "H2_2", 381.89, 208.39, "B", "DIP", "$1N229", "", "C", 70.87, 70.87, 34, 0],
		[11, "R1_1", -489.66, -185, "B", "SMD", "$1N293", "", "R", 31.75, 34.02, 0, 0],
		[12, "R1_2", -430.34, -185, "B", "SMD", "$1N289", "", "R", 31.75, 34.02, 0, 0]
	]
}
}