{
"lengthUnit": "mil",
"components": {
	"fields": ["COMPONENT_NO", "COMPONENT_NAME", "LAYER", "X_COORDINATE", "Y_COORDINATE", "ANGLE"],
	"rows": [
		[1, "C6", "T", 490, -360, 90],
		[2, "C7", "T", 265, -225, 270],
		[3, "C8", "T", 335, -225, 270],
		[4, "C23", "T", 175, 220, 270],
		[5, "C24", "T", 245, 220, 90],
		[6, "C25", "T", -190, 215, 270],
		[7, "C28", "T", 525, -140, 0],
		[8, "C30", "T", 405, -225, 90],
		[9, "C31", "T", 565, -360, 270],
		[10, "C32", "T", -370, -185, 0],
		[11, "C33", "T", -370, 65, 0],
		[12, "C53", "T", -500, -190, 0],
		[13, "C70", "B", 180, 20, 180],
		[14, "C71", "B", -280, 20, 0],
		[15, "H6", "T", 100, 375, 180],
		[16, "L9", "T", 495, -20, 90],
		[17, "LED1", "T", -60, 215, 270],
		[18, "R3", "T", 100, -345, 180],
		[19, "R21", "T", -125, 215, 270],
		[20, "R47", "T", 575, -20, 90],
		[21, "R48", "T", 5, 215, 90],
		[22, "R49", "T", 190, -375, 90],
		[23, "R51", "T", -370, -255, 0],
		[24, "R54", "T", -500, -255, 0],
		[25, "R70", "B", 80, -15, 270],
		[26, "R152", "T", 110, -225, 180],
		[27, "R153", "T", 100, -405, 180],
		[28, "R159", "B", -180, -200, 270],
		[29, "R160", "B", -115, -200, 270],
		[30, "R161", "B", -50, -200, 90],
		[31, "U10", "B", -75, -40, 0],
		[32, "U11", "T", 510, -225, 90],
		[33, "U19", "T", -393.7, 250.92, 0],
		[34, "U20", "T", 433.07, 250.92, 0],
		[35, "U21", "B", -330, -345, 180],
		[36, "U22", "B", 335, -345, 180],
		[37, "U23", "T", -65, -350, 90],
		[38, "U24", "T", 295, -20, 270],
		[39, "U25", "T", -75, -50, 270],
		[40, "U26", "T", 650, -165, 90],
		[41, "U27", "T", -605, -170, 90],
		[42, "X3", "T", -372, -58.01, 90]
	]
},
"pins": {
	"fields": ["PIN_NO", "PIN_NAME", "PIN_X", "PIN_Y", "LAYER", "PIN_TYPE", "NET_NAME", "NET_TYPE", "PAD_SHAPE", "PAD_SIZEX", "PAD_SIZEY", "HOLE_SIZE", "PAD_ANGLE"],
	"rows": [
		[1, "C6_1", 490, -387.56, "T", "SMD", "GND", "GND", "R", 31.5, 35.43, 0, 90],
		[2, "C6_2", 490, -332.44, "T", "SMD", "+5V", "", "R", 31.5, 35.43, 0, 90],
		[3, "C7_1", 265, -197.44, "T", "SMD", "GND", "GND", "R", 31.5, 35.43, 0, 270],
		[4, "C7_2", 265, -252.56, "T", "SMD", "+3.3V", "", "R", 31.5, 35.43, 0, 270],
		[5, "C8_1", 335, -197.44, "T", "SMD", "GND", "GND", "R", 31.5, 35.43, 0, 270],
		[6, "C8_2", 335, -252.56, "T", "SMD", "+3.3V", "", "R", 31.5, 35.43, 0, 270],
		[7, "C23_1", 175, 247.56, "T", "SMD", "GND", "GND", "R", 31.5, 35.43, 0, 270],
		[8, "C23_2", 175, 192.44, "T", "SMD", "NRST", "", "R", 31.5, 35.43, 0, 270],
		[9, "C24_1", 245, 192.44, "T", "SMD", "NRST", "", "R", 31.5, 35.43, 0, 90],
		[10, "C24_2", 245, 247.56, "T", "SMD", "GND", "GND", "R", 31.5, 35.43, 0, 90],
		[11, "C25_1", -190, 242.56, "T", "SMD", "BOOT0", "", "R", 31.5, 35.43, 0, 270],
		[12, "C25_2", -190, 187.44, "T", "SMD", "+3.3V", "", "R", 31.5, 35.43, 0, 270],
		[13, "C28_1", 497.44, -140, "T", "SMD", "+5V", "", "R", 31.5, 35.43, 0, 0],
		[14, "C28_2", 552.56, -140, "T", "SMD", "GND", "GND", "R", 31.5, 35.43, 0, 0],
		[15, "C30_1", 405, -252.56, "T", "SMD", "+3.3V", "", "R", 31.5, 35.43, 0, 90],
		[16, "C30_2", 405, -197.44, "T", "SMD", "GND", "GND", "R", 31.5, 35.43, 0, 90],
		[17, "C31_1", 565, -332.44, "T", "SMD", "+5V", "", "R", 31.5, 35.43, 0, 270],
		[18, "C31_2", 565, -387.56, "T", "SMD", "GND", "GND", "R", 31.5, 35.43, 0, 270],
		[19, "C32_1", -397.56, -185, "T", "SMD", "GND", "GND", "R", 31.5, 35.43, 0, 0],
		[20, "C32_2", -342.44, -185, "T", "SMD", "OSC_OUT", "", "R", 31.5, 35.43, 0, 0],
		[21, "C33_1", -397.56, 65, "T", "SMD", "GND", "GND", "R", 31.5, 35.43, 0, 0],
		[22, "C33_2", -342.44, 65, "T", "SMD", "OSC_IN", "", "R", 31.5, 35.43, 0, 0],
		[23, "C53_1", -527.56, -190, "T", "SMD", "GND", "GND", "R", 31.5, 35.43, 0, 0],
		[24, "C53_2", -472.44, -190, "T", "SMD", "ENDSTOP1", "", "R", 31.5, 35.43, 0, 0],
		[25, "C70_1", 207.56, 20, "B", "SMD", "GND", "GND", "R", 31.5, 35.43, 0, 180],
		[26, "C70_2", 152.44, 20, "B", "SMD", "+3.3V", "", "R", 31.5, 35.43, 0, 180],
		[27, "C71_1", -307.56, 20, "B", "SMD", "GND", "GND", "R", 31.5, 35.43, 0, 0],
		[28, "C71_2", -252.44, 20, "B", "SMD", "+3.3V", "", "R", 31.5, 35.43, 0, 0],
		[29, "H6_1", 250, 375, "T", "DIP", "+5V", "", "R", 66.93, 66.93, 43.31, 180],
		[30, "H6_1", 250, 375, "B", "DIP", "+5V", "", "R", 66.93, 66.93, 43.31, 180],
		[31, "H6_2", 150, 375, "T", "DIP", "GND", "GND", "C", 66.93, 66.93, 43.31, 180],
		[32, "H6_2", 150, 375, "B", "DIP", "GND", "GND", "C", 66.93, 66.93, 43.31, 180],
		[33, "H6_3", 50, 375, "T", "DIP", "SWD", "", "C", 66.93, 66.93, 43.31, 180],
		[34, "H6_3", 50, 375, "B", "DIP", "SWD", "", "C", 66.93, 66.93, 43.31, 180],
		[35, "H6_4", -50, 375, "T", "DIP", "SCL", "", "C", 66.93, 66.93, 43.31, 180],
		[36, "H6_4", -50, 375, "B", "DIP", "SCL", "", "C", 66.93, 66.93, 43.31, 180],
		[37, "L9_1", 531.41, -35.74, "T", "SMD", "CAN_L", "", "R", 29.53, 15.75, 0, 180],
		[38, "L9_2", 458.58, -35.74, "T", "SMD", "$1N5149", "", "R", 29.53, 15.75, 0, 180],
		[39, "L9_3", 458.58, -4.26, "T", "SMD", "$1N5150", "", "R", 29.53, 15.75, 0, 180],
		[40, "L9_4", 531.41, -4.26, "T", "SMD", "CAN_H", "", "R", 29.53, 15.75, 0, 180],
		[41, "LED1_1", -60.13, 246.48, "T", "SMD", "$1N2214", "", "R", 31.5, 31.5, 0, 0],
		[42, "LED1_2", -59.86, 183.52, "T", "SMD", "LED", "", "R", 31.5, 31.5, 0, 0],
		[43, "R3_1", 129.66, -345, "T", "SMD", "+3.3V", "", "R", 31.75, 34.02, 0, 180],
		[44, "R3_2", 70.34, -345, "T", "SMD", "SDA_3.3", "", "R", 31.75, 34.02, 0, 180],
		[45, "R21_1", -125, 244.66, "T", "SMD", "GND", "GND", "R", 31.75, 34.02, 0, 270],
		[46, "R21_2", -125, 185.34, "T", "SMD", "BOOT0", "", "R", 31.75, 34.02, 0, 270],
		[47, "R47_1", 575, -49.66, "T", "SMD", "CAN_L", "", "R", 31.75, 34.02, 0, 90],
		[48, "R47_2", 575, 9.66, "T", "SMD", "CAN_H", "", "R", 31.75, 34.02, 0, 90],
		[49, "R48_1", 5, 185.34, "T", "SMD", "GND", "GND", "R", 31.75, 34.02, 0, 90],
		[50, "R48_2", 5, 244.66, "T", "SMD", "$1N2214", "", "R", 31.75, 34.02, 0, 90],
		[51, "R49_1", 190, -404.66, "T", "SMD", "NTC", "", "R", 31.75, 34.02, 0, 90],
		[52, "R49_2", 190, -345.34, "T", "SMD", "+3.3V", "", "R", 31.75, 34.02, 0, 90],
		[53, "R51_1", -399.66, -255, "T", "SMD", "STOP1", "", "R", 31.75, 34.02, 0, 0],
		[54, "R51_2", -340.34, -255, "T", "SMD", "+3.3V", "", "R", 31.75, 34.02, 0, 0],
		[55, "R54_1", -529.66, -255, "T", "SMD", "ENDSTOP1", "", "R", 31.75, 34.02, 0, 0],
		[56, "R54_2", -470.34, -255, "T", "SMD", "STOP1", "", "R", 31.75, 34.02, 0, 0],
		[57, "R70_1", 80, 14.66, "B", "SMD", "+3.3V", "", "R", 31.75, 34.02, 0, 270],
		[58, "R70_2", 80, -44.66, "B", "SMD", "345_CS", "", "R", 31.75, 34.02, 0, 270],
		[59, "R152_1", 139.66, -225, "T", "SMD", "+3.3V", "", "R", 31.75, 34.02, 0, 180],
		[60, "R152_2", 80.34, -225, "T", "SMD", "$1N9092", "", "R", 31.75, 34.02, 0, 180],
		[61, "R153_1", 129.66, -405, "T", "SMD", "+3.3V", "", "R", 31.75, 34.02, 0, 180],
		[62, "R153_2", 70.34, -405, "T", "SMD", "SCL_3.3", "", "R", 31.75, 34.02, 0, 180],
		[63, "R159_1", -180, -170.34, "B", "SMD", "345_SCK", "", "R", 31.75, 34.02, 0, 270],
		[64, "R159_2", -180, -229.66, "B", "SMD", "+3.3V", "", "R", 31.75, 34.02, 0, 270],
		[65, "R160_1", -115, -170.34, "B", "SMD", "345_MOSI", "", "R", 31.75, 34.02, 0, 270],
		[66, "R160_2", -115, -229.66, "B", "SMD", "+3.3V", "", "R", 31.75, 34.02, 0, 270],
		[67, "R161_1", -50, -229.66, "B", "SMD", "+3.3V", "", "R", 31.75, 34.02, 0, 90],
		[68, "R161_2", -50, -170.34, "B", "SMD", "345_MISO", "", "R", 31.75, 34.02, 0, 90],
		[69, "U10_1", -153.74, 15.49, "B", "SMD", "+3.3V", "", "O", 17.64, 69.65, 0, 0],
		[70, "U10_2", -122.24, 15.49, "B", "SMD", "GND", "GND", "O", 17.64, 69.65, 0, 0],
		[71, "U10_3", -90.75, 15.49, "B", "SMD", "U10_3", "", "O", 17.64, 69.65, 0, 0],
		[72, "U10_4", -59.25, 15.49, "B", "SMD", "GND", "GND", "O", 17.64, 69.65, 0, 0],
		[73, "U10_5", -27.76, 15.49, "B", "SMD", "GND", "GND", "O", 17.64, 69.65, 0, 0],
		[74, "U10_6", 3.74, 15.49, "B", "SMD", "+3.3V", "", "O", 17.64, 69.65, 0, 0],
		[75, "U10_7", 15.45, -40, "B", "SMD", "345_CS", "", "R", 60.83, 23.62, 0, 0],
		[76, "U10_8", 3.74, -95.49, "B", "SMD", "U10_8", "", "O", 17.64, 69.65, 0, 0],
		[77, "U10_9", -27.76, -95.49, "B", "SMD", "U10_9", "", "O", 17.64, 69.65, 0, 0],
		[78, "U10_10", -59.25, -95.49, "B", "SMD", "U10_10", "", "O", 17.64, 69.65, 0, 0],
		[79, "U10_11", -90.75, -95.49, "B", "SMD", "GND", "GND", "O", 17.64, 69.65, 0, 0],
		[80, "U10_12", -122.24, -95.49, "B", "SMD", "345_MISO", "", "O", 17.64, 69.65, 0, 0],
		[81, "U10_13", -153.74, -95.49, "B", "SMD", "345_MOSI", "", "O", 17.64, 69.65, 0, 0],
		[82, "U10_14", -165.45, -40, "B", "SMD", "345_SCK", "", "R", 60.83, 23.62, 0, 0],
		[83, "U11_1", 555.42, -262.4, "T", "SMD", "+5V", "", "R", 19.29, 45.55, 0, 90],
		[84, "U11_2", 555.42, -225, "T", "SMD", "GND", "GND", "R", 19.29, 45.55, 0, 90],
		[85, "U11_3", 555.42, -187.6, "T", "SMD", "+5V", "", "R", 19.29, 45.55, 0, 90],
		[86, "U11_4", 464.58, -187.6, "T", "SMD", "U11_4", "", "R", 19.29, 46.26, 0, 90],
		[87, "U11_5", 464.58, -262.4, "T", "SMD", "+3.3V", "", "R", 19.29, 46.26, 0, 90],
		[88, "U19_1", -393.7, 250.92, "T", "DIP", "GND", "GND", "C", 236.2, 236.2, 130, 0],
		[89, "U19_1", -393.7, 250.92, "B", "DIP", "GND", "GND", "C", 236.2, 236.2, 130, 0],
		[90, "U19_1", -393.7, 343.42, "T", "DIP", "GND", "GND", "C", 39.4, 39.4, 19.7, 0],
		[91, "U19_1", -393.7, 343.42, "B", "DIP", "GND", "GND", "C", 39.4, 39.4, 19.7, 0],
		[92, "U19_1", -393.7, 158.42, "T", "DIP", "GND", "GND", "C", 39.4, 39.4, 19.7, 0],
		[93, "U19_1", -393.7, 158.42, "B", "DIP", "GND", "GND", "C", 39.4, 39.4, 19.7, 0],
		[94, "U19_1", -301.2, 250.92, "T", "DIP", "GND", "GND", "C", 39.4, 39.4, 19.7, 0],
		[95, "U19_1", -301.2, 250.92, "B", "DIP", "GND", "GND", "C", 39.4, 39.4, 19.7, 0],
		[96, "U19_1", -486.2, 250.92, "T", "DIP", "GND", "GND", "C", 39.4, 39.4, 19.7, 0],
		[97, "U19_1", -486.2, 250.92, "B", "DIP", "GND", "GND", "C", 39.4, 39.4, 19.7, 0],
		[98, "U19_1", -328.7, 315.92, "T", "DIP", "GND", "GND", "C", 39.4, 39.4, 19.7, 0],
		[99, "U19_1", -328.7, 315.92, "B", "DIP", "GND", "GND", "C", 39.4, 39.4, 19.7, 0],
		[100, "U19_1", -458.7, 185.92, "T", "DIP", "GND", "GND", "C", 39.4, 39.4, 19.7, 0],
		[101, "U19_1", -458.7, 185.92, "B", "DIP", "GND", "GND", "C", 39.4, 39.4, 19.7, 0],
		[102, "U19_1", -328.7, 185.92, "T", "DIP", "GND", "GND", "C", 39.4, 39.4, 19.7, 0],
		[103, "U19_1", -328.7, 185.92, "B", "DIP", "GND", "GND", "C", 39.4, 39.4, 19.7, 0],
		[104, "U19_1", -458.7, 315.92, "T", "DIP", "GND", "GND", "C", 39.4, 39.4, 19.7, 0],
		[105, "U19_1", -458.7, 315.92, "B", "DIP", "GND", "GND", "C", 39.4, 39.4, 19.7, 0],
		[106, "U20_1", 433.07, 250.92, "T", "DIP", "GND", "GND", "C", 236.2, 236.2, 130, 0],
		[107, "U20_1", 433.07, 250.92, "B", "DIP", "GND", "GND", "C", 236.2, 236.2, 130, 0],
		[108, "U20_1", 433.07, 343.42, "T", "DIP", "GND", "GND", "C", 39.4, 39.4, 19.7, 0],
		[109, "U20_1", 433.07, 343.42, "B", "DIP", "GND", "GND", "C", 39.4, 39.4, 19.7, 0],
		[110, "U20_1", 433.07, 158.42, "T", "DIP", "GND", "GND", "C", 39.4, 39.4, 19.7, 0],
		[111, "U20_1", 433.07, 158.42, "B", "DIP", "GND", "GND", "C", 39.4, 39.4, 19.7, 0],
		[112, "U20_1", 525.57, 250.92, "T", "DIP", "GND", "GND", "C", 39.4, 39.4, 19.7, 0],
		[113, "U20_1", 525.57, 250.92, "B", "DIP", "GND", "GND", "C", 39.4, 39.4, 19.7, 0],
		[114, "U20_1", 340.57, 250.92, "T", "DIP", "GND", "GND", "C", 39.4, 39.4, 19.7, 0],
		[115, "U20_1", 340.57, 250.92, "B", "DIP", "GND", "GND", "C", 39.4, 39.4, 19.7, 0],
		[116, "U20_1", 498.07, 315.92, "T", "DIP", "GND", "GND", "C", 39.4, 39.4, 19.7, 0],
		[117, "U20_1", 498.07, 315.92, "B", "DIP", "GND", "GND", "C", 39.4, 39.4, 19.7, 0],
		[118, "U20_1", 368.07, 185.92, "T", "DIP", "GND", "GND", "C", 39.4, 39.4, 19.7, 0],
		[119, "U20_1", 368.07, 185.92, "B", "DIP", "GND", "GND", "C", 39.4, 39.4, 19.7, 0],
		[120, "U20_1", 498.07, 185.92, "T", "DIP", "GND", "GND", "C", 39.4, 39.4, 19.7, 0],
		[121, "U20_1", 498.07, 185.92, "B", "DIP", "GND", "GND", "C", 39.4, 39.4, 19.7, 0],
		[122, "U20_1", 368.07, 315.92, "T", "DIP", "GND", "GND", "C", 39.4, 39.4, 19.7, 0],
		[123, "U20_1", 368.07, 315.92, "B", "DIP", "GND", "GND", "C", 39.4, 39.4, 19.7, 0],
		[124, "U21_1", -280, -345, "T", "DIP", "$1N2268", "", "R", 66.93, 66.93, 43.31, 180],
		[125, "U21_1", -280, -345, "B", "DIP", "$1N2268", "", "R", 66.93, 66.93, 43.31, 180],
		[126, "U21_2", -380, -345, "T", "DIP", "$1N2223", "", "C", 66.93, 66.93, 43.31, 180],
		[127, "U21_2", -380, -345, "B", "DIP", "$1N2223", "", "C", 66.93, 66.93, 43.31, 180],
		[128, "U22_1", 385, -345, "T", "DIP", "GND", "GND", "R", 66.93, 66.93, 43.31, 180],
		[129, "U22_1", 385, -345, "B", "DIP", "GND", "GND", "R", 66.93, 66.93, 43.31, 180],
		[130, "U22_2", 285, -345, "T", "DIP", "NTC", "", "C", 66.93, 66.93, 43.31, 180],
		[131, "U22_2", 285, -345, "B", "DIP", "NTC", "", "C", 66.93, 66.93, 43.31, 180],
		[132, "U23_1", 10.1, -399.21, "T", "SMD", "SCL_3.3", "", "R", 11.02, 26.18, 0, 90],
		[133, "U23_2", 10.1, -379.53, "T", "SMD", "SDA_3.3", "", "R", 11.02, 26.18, 0, 90],
		[134, "U23_3", 10.1, -359.84, "T", "SMD", "GND", "GND", "R", 11.02, 26.18, 0, 90],
		[135, "U23_4", 10.1, -340.16, "T", "SMD", "GND", "GND", "R", 11.02, 26.18, 0, 90],
		[136, "U23_5", 10.1, -320.47, "T", "SMD", "+3.3V", "", "R", 11.02, 26.18, 0, 90],
		[137, "U23_6", 10.1, -300.79, "T", "SMD", "GND", "GND", "R", 11.02, 26.18, 0, 90],
		[138, "U23_7", -140.1, -300.79, "T", "SMD", "+3.3V", "", "R", 11.02, 26.18, 0, 90],
		[139, "U23_8", -140.1, -320.47, "T", "SMD", "GND", "GND", "R", 11.02, 26.18, 0, 90],
		[140, "U23_9", -140.1, -340.16, "T", "SMD", "$1N2223", "", "R", 11.02, 26.18, 0, 90],
		[141, "U23_10", -140.1, -359.84, "T", "SMD", "$1N2268", "", "R", 11.02, 26.18, 0, 90],
		[142, "U23_11", -140.1, -379.53, "T", "SMD", "U23_11", "", "R", 11.02, 26.18, 0, 90],
		[143, "U23_12", -140.1, -399.21, "T", "SMD", "U23_12", "", "R", 11.02, 26.18, 0, 90],
		[144, "U23_13", -65, -350, "T", "SMD", "GND", "GND", "R", 118.11, 102.36, 0, 90],
		[145, "U24_1", 189.39, 55, "T", "SMD", "CAN_TX", "", "O", 24.8, 73.42, 0, 270],
		[146, "U24_2", 189.39, 5, "T", "SMD", "GND", "GND", "O", 24.8, 73.42, 0, 270],
		[147, "U24_3", 189.39, -45, "T", "SMD", "+5V", "", "O", 24.8, 73.42, 0, 270],
		[148, "U24_4", 189.39, -95, "T", "SMD", "CAN_RX", "", "O", 24.8, 73.42, 0, 270],
		[149, "U24_5", 400.61, -95, "T", "SMD", "U24_5", "", "O", 24.8, 73.42, 0, 270],
		[150, "U24_6", 400.61, -45, "T", "SMD", "$1N5149", "", "O", 24.8, 73.42, 0, 270],
		[151, "U24_7", 400.61, 5, "T", "SMD", "$1N5150", "", "O", 24.8, 73.42, 0, 270],
		[152, "U24_8", 400.61, 55, "T", "SMD", "GND", "GND", "O", 24.8, 73.42, 0, 270],
		[153, "U25_1", -242.01, 60.24, "T", "SMD", "+3.3V", "", "O", 17.64, 66.3, 0, 270],
		[154, "U25_2", -242.01, 28.74, "T", "SMD", "OSC_IN", "", "O", 17.64, 66.3, 0, 270],
		[155, "U25_3", -242.01, -2.76, "T", "SMD", "OSC_OUT", "", "O", 17.64, 66.3, 0, 270],
		[156, "U25_4", -242.01, -34.25, "T", "SMD", "NRST", "", "O", 17.64, 66.3, 0, 270],
		[157, "U25_5", -242.01, -65.75, "T", "SMD", "U25_5", "", "O", 17.64, 66.3, 0, 270],
		[158, "U25_6", -242.01, -97.24, "T", "SMD", "U25_6", "", "O", 17.64, 66.3, 0, 270],
		[159, "U25_7", -242.01, -128.74, "T", "SMD", "U25_7", "", "O", 17.64, 66.3, 0, 270],
		[160, "U25_8", -242.01, -160.24, "T", "SMD", "345_CS", "", "O", 17.64, 66.3, 0, 270],
		[161, "U25_9", -185.24, -217.01, "T", "SMD", "ENDSTOP1", "", "O", 66.3, 17.64, 0, 270],
		[162, "U25_10", -153.74, -217.01, "T", "SMD", "345_SCK", "", "O", 66.3, 17.64, 0, 270],
		[163, "U25_11", -122.24, -217.01, "T", "SMD", "345_MISO", "", "O", 66.3, 17.64, 0, 270],
		[164, "U25_12", -90.75, -217.01, "T", "SMD", "345_MOSI", "", "O", 66.3, 17.64, 0, 270],
		[165, "U25_13", -59.25, -217.01, "T", "SMD", "NTC", "", "O", 66.3, 17.64, 0, 270],
		[166, "U25_14", -27.76, -217.01, "T", "SMD", "GND", "GND", "O", 66.3, 17.64, 0, 270],
		[167, "U25_15", 3.74, -217.01, "T", "SMD", "$1N9092", "", "O", 66.3, 17.64, 0, 270],
		[168, "U25_16", 35.24, -217.01, "T", "SMD", "GND", "GND", "O", 66.3, 17.64, 0, 270],
		[169, "U25_17", 92.01, -160.24, "T", "SMD", "+3.3V", "", "O", 17.64, 66.3, 0, 270],
		[170, "U25_18", 92.01, -128.74, "T", "SMD", "SDA_3.3", "", "O", 17.64, 66.3, 0, 270],
		[171, "U25_19", 92.01, -97.24, "T", "SMD", "SCL_3.3", "", "O", 17.64, 66.3, 0, 270],
		[172, "U25_20", 92.01, -65.75, "T", "SMD", "U25_20", "", "O", 17.64, 66.3, 0, 270],
		[173, "U25_21", 92.01, -34.25, "T", "SMD", "CAN_RX", "", "O", 17.64, 66.3, 0, 270],
		[174, "U25_22", 92.01, -2.76, "T", "SMD", "CAN_TX", "", "O", 17.64, 66.3, 0, 270],
		[175, "U25_23", 92.01, 28.74, "T", "SMD", "SWD", "", "O", 17.64, 66.3, 0, 270],
		[176, "U25_24", 92.01, 60.24, "T", "SMD", "SCL", "", "O", 17.64, 66.3, 0, 270],
		[177, "U25_25", 35.24, 117.01, "T", "SMD", "U25_25", "", "O", 66.3, 17.64, 0, 270],
		[178, "U25_26", 3.74, 117.01, "T", "SMD", "U25_26", "", "O", 66.3, 17.64, 0, 270],
		[179, "U25_27", -27.76, 117.01, "T", "SMD", "U25_27", "", "O", 66.3, 17.64, 0, 270],
		[180, "U25_28", -59.25, 117.01, "T", "SMD", "LED", "", "O", 66.3, 17.64, 0, 270],
		[181, "U25_29", -90.75, 117.01, "T", "SMD", "U25_29", "", "O", 66.3, 17.64, 0, 270],
		[182, "U25_30", -122.24, 117.01, "T", "SMD", "U25_30", "", "O", 66.3, 17.64, 0, 270],
		[183, "U25_31", -153.74, 117.01, "T", "SMD", "BOOT0", "", "O", 66.3, 17.64, 0, 270],
		[184, "U25_32", -185.24, 117.01, "T", "SMD", "GND", "GND", "O", 66.3, 17.64, 0, 270],
		[185, "U26_1", 650, -283.11, "T", "DIP", "+5V", "", "R", 60, 60, 36, 90],
		[186, "U26_1", 650, -283.11, "B", "DIP", "+5V", "", "R", 60, 60, 36, 90],
		[187, "U26_2", 650, -204.37, "T", "DIP", "CAN_L", "", "C", 60, 60, 36, 90],
		[188, "U26_2", 650, -204.37, "B", "DIP", "CAN_L", "", "C", 60, 60, 36, 90],
		[189, "U26_3", 650, -125.63, "T", "DIP", "CAN_H", "", "C", 60, 60, 36, 90],
		[190, "U26_3", 650, -125.63, "B", "DIP", "CAN_H", "", "C", 60, 60, 36, 90],
		[191, "U26_4", 650, -46.89, "T", "DIP", "GND", "GND", "C", 60, 60, 36, 90],
		[192, "U26_4", 650, -46.89, "B", "DIP", "GND", "GND", "C", 60, 60, 36, 90],
		[193, "U27_1", -605, -209.37, "T", "DIP", "STOP1", "", "R", 60, 60, 36, 90],
		[194, "U27_1", -605, -209.37, "B", "DIP", "STOP1", "", "R", 60, 60, 36, 90],
		[195, "U27_2", -605, -130.63, "T", "DIP", "GND", "GND", "C", 60, 60, 36, 90],
		[196, "U27_2", -605, -130.63, "B", "DIP", "GND", "GND", "C", 60, 60, 36, 90],
		[197, "X3_1", -338.53, -101.31, "T", "SMD", "OSC_OUT", "", "R", 55.12, 47.24, 0, 90],
		[198, "X3_2", -338.53, -14.69, "T", "SMD", "GND", "GND", "R", 55.12, 47.24, 0, 90],
		[199, "X3_3", -405.46, -14.7, "T", "SMD", "OSC_IN", "", "R", 55.12, 47.24, 0, 90],
		[200, "X3_4", -405.46, -101.31, "T", "SMD", "GND", "GND", "R", 55.12, 47.24, 0, 90]
	]
}
}